{
  "weights": "weights/double_dqn_seed0.pt",
  "seeds": [0, 1, 2],
  "results": {
    "cost_per_order": 37.51396848999192,
    "success_rate": 0.3823763128800442,
    "ontime_rate": 0.7978414871868017,
    "mean_delivery_time": 41.341427756382835,
    "energy_per_order": 0.3200208838491881,
    "depletion_events": 6.666666666666667,
    "idle_pct": 0.19109461256352114,
    "charger_utilization": 0.09067651828658506,
    "n_delivered": 51.0,
    "n_dropped": 84.33333333333333,
    "episode_return": -915.5359999999968,
    "actions": {
      "assign": 199,
      "charge": 183,
      "noop": 750,
      "charge_open_steps": 993
    }
  }
}
