{
  "weights": "weights/dqn_normalized_seed0.pt",
  "seeds": [0, 1, 2],
  "results": {
    "cost_per_order": 22.328068950373307,
    "success_rate": 0.49445480928689883,
    "ontime_rate": 0.7584308558733112,
    "mean_delivery_time": 45.29895631506886,
    "energy_per_order": 0.32192322198972434,
    "depletion_events": 4.0,
    "idle_pct": 0.13411003373093067,
    "charger_utilization": 0.14497101887268485,
    "n_delivered": 66.0,
    "n_dropped": 69.33333333333333,
    "episode_return": -364.49800000000045,
    "actions": {
      "assign": 260,
      "charge": 414,
      "noop": 564,
      "charge_open_steps": 990
    }
  }
}
