{
  "weights": "weights/dqn_scaled_seed0.pt",
  "seeds": [0, 1, 2],
  "results": {
    "cost_per_order": 33.61201913616181,
    "success_rate": 0.3648116009101778,
    "ontime_rate": 0.8141115638804233,
    "mean_delivery_time": 40.81443116574781,
    "energy_per_order": 0.33452652695499036,
    "depletion_events": 5.666666666666667,
    "idle_pct": 0.2048153270319011,
    "charger_utilization": 0.11859126650964831,
    "n_delivered": 49.666666666666664,
    "n_dropped": 86.33333333333333,
    "episode_return": -907.4556666666662,
    "actions": {
      "assign": 190,
      "charge": 371,
      "noop": 714,
      "charge_open_steps": 1063
    }
  }
}
