seed,cost_per_order,success_rate,ontime_rate,mean_delivery_time,energy_per_order,depletion_events,idle_pct,charger_utilization,n_delivered,n_dropped,episode_return
0,3.2447500000000127,0.8707482993197279,0.9765625,28.90625,0.21975000000001252,2,0.028546203649205414,0.14626250735726898,128,19,1489.6720000000007
1,4.242513043478274,0.8273381294964028,0.991304347826087,31.330434782608695,0.23816521739131732,2,0.05264732276398445,0.13251570445707447,115,24,1232.1110000000012
2,2.504500000000013,0.9090909090909091,0.9769230769230769,27.215384615384615,0.22373076923078225,2,0.09424920127795527,0.14057507987220447,130,13,1609.4150000000004
